<?xml version='1.0' encoding='utf-8'?>
<graphml xmlns="http://graphml.graphdrawing.org/xmlns" xmlns:xsi="http://www.w3.org/2001/XMLSchema-instance" xsi:schemaLocation="http://graphml.graphdrawing.org/xmlns http://graphml.graphdrawing.org/xmlns/1.0/graphml.xsd"><key attr.name="weight" attr.type="long" for="edge" id="d6"/>
<key attr.name="identifier" attr.type="string" for="node" id="d5"/>
<key attr.name="Leader" attr.type="long" for="node" id="d4"/>
<key attr.name="Color" attr.type="long" for="node" id="d3"/>
<key attr.name="CPU" attr.type="long" for="node" id="d2"/>
<key attr.name="memory" attr.type="long" for="node" id="d1"/>
<key attr.name="Coalition" attr.type="string" for="node" id="d0"/>
<graph edgedefault="undirected"><node id="20">
  <data key="d0">20</data>
  <data key="d1">96</data>
  <data key="d2">40</data>
  <data key="d3">0</data>
  <data key="d4">1</data>
  <data key="d5">20</data>
</node>
<node id="21">
  <data key="d0">20</data>
  <data key="d1">144</data>
  <data key="d2">60</data>
  <data key="d3">0</data>
  <data key="d4">0</data>
  <data key="d5">21</data>
</node>
<node id="22">
  <data key="d0">20</data>
  <data key="d1">96</data>
  <data key="d2">60</data>
  <data key="d3">0</data>
  <data key="d4">0</data>
  <data key="d5">22</data>
</node>
<node id="23">
  <data key="d0">20</data>
  <data key="d1">48</data>
  <data key="d2">40</data>
  <data key="d3">0</data>
  <data key="d4">0</data>
  <data key="d5">23</data>
</node>
<node id="24">
  <data key="d0">20</data>
  <data key="d1">48</data>
  <data key="d2">40</data>
  <data key="d3">0</data>
  <data key="d4">0</data>
  <data key="d5">24</data>
</node>
<node id="25">
  <data key="d0">20</data>
  <data key="d1">48</data>
  <data key="d2">20</data>
  <data key="d3">0</data>
  <data key="d4">0</data>
  <data key="d5">25</data>
</node>
<node id="26">
  <data key="d0">20</data>
  <data key="d1">48</data>
  <data key="d2">60</data>
  <data key="d3">0</data>
  <data key="d4">0</data>
  <data key="d5">26</data>
</node>
<node id="27">
  <data key="d0">20</data>
  <data key="d1">144</data>
  <data key="d2">40</data>
  <data key="d3">0</data>
  <data key="d4">0</data>
  <data key="d5">27</data>
</node>
<node id="28">
  <data key="d0">20</data>
  <data key="d1">48</data>
  <data key="d2">60</data>
  <data key="d3">0</data>
  <data key="d4">0</data>
  <data key="d5">28</data>
</node>
<node id="29">
  <data key="d0">20</data>
  <data key="d1">48</data>
  <data key="d2">40</data>
  <data key="d3">0</data>
  <data key="d4">0</data>
  <data key="d5">29</data>
</node>
<node id="30">
  <data key="d0">20</data>
  <data key="d1">96</data>
  <data key="d2">20</data>
  <data key="d3">0</data>
  <data key="d4">0</data>
  <data key="d5">30</data>
</node>
<node id="31">
  <data key="d0">20</data>
  <data key="d1">144</data>
  <data key="d2">60</data>
  <data key="d3">0</data>
  <data key="d4">0</data>
  <data key="d5">31</data>
</node>
<node id="32">
  <data key="d0">20</data>
  <data key="d1">96</data>
  <data key="d2">20</data>
  <data key="d3">0</data>
  <data key="d4">0</data>
  <data key="d5">32</data>
</node>
<node id="33">
  <data key="d0">20</data>
  <data key="d1">96</data>
  <data key="d2">40</data>
  <data key="d3">0</data>
  <data key="d4">0</data>
  <data key="d5">33</data>
</node>
<node id="34">
  <data key="d0">20</data>
  <data key="d1">96</data>
  <data key="d2">20</data>
  <data key="d3">0</data>
  <data key="d4">0</data>
  <data key="d5">34</data>
</node>
<node id="35">
  <data key="d0">20</data>
  <data key="d1">144</data>
  <data key="d2">20</data>
  <data key="d3">0</data>
  <data key="d4">0</data>
  <data key="d5">35</data>
</node>
<edge source="20" target="21">
  <data key="d6">2</data>
</edge>
<edge source="20" target="22">
  <data key="d6">4</data>
</edge>
<edge source="20" target="23">
  <data key="d6">4</data>
</edge>
<edge source="20" target="24">
  <data key="d6">6</data>
</edge>
<edge source="20" target="25">
  <data key="d6">6</data>
</edge>
<edge source="20" target="26">
  <data key="d6">6</data>
</edge>
<edge source="20" target="27">
  <data key="d6">6</data>
</edge>
<edge source="20" target="28">
  <data key="d6">6</data>
</edge>
<edge source="20" target="29">
  <data key="d6">6</data>
</edge>
<edge source="20" target="30">
  <data key="d6">6</data>
</edge>
<edge source="20" target="31">
  <data key="d6">6</data>
</edge>
<edge source="20" target="32">
  <data key="d6">6</data>
</edge>
<edge source="20" target="33">
  <data key="d6">6</data>
</edge>
<edge source="20" target="34">
  <data key="d6">6</data>
</edge>
<edge source="20" target="35">
  <data key="d6">6</data>
</edge>
<edge source="21" target="22">
  <data key="d6">4</data>
</edge>
<edge source="21" target="23">
  <data key="d6">4</data>
</edge>
<edge source="21" target="24">
  <data key="d6">6</data>
</edge>
<edge source="21" target="25">
  <data key="d6">6</data>
</edge>
<edge source="21" target="26">
  <data key="d6">6</data>
</edge>
<edge source="21" target="27">
  <data key="d6">6</data>
</edge>
<edge source="21" target="28">
  <data key="d6">6</data>
</edge>
<edge source="21" target="29">
  <data key="d6">6</data>
</edge>
<edge source="21" target="30">
  <data key="d6">6</data>
</edge>
<edge source="21" target="31">
  <data key="d6">6</data>
</edge>
<edge source="21" target="32">
  <data key="d6">6</data>
</edge>
<edge source="21" target="33">
  <data key="d6">6</data>
</edge>
<edge source="21" target="34">
  <data key="d6">6</data>
</edge>
<edge source="21" target="35">
  <data key="d6">6</data>
</edge>
<edge source="22" target="23">
  <data key="d6">2</data>
</edge>
<edge source="22" target="24">
  <data key="d6">6</data>
</edge>
<edge source="22" target="25">
  <data key="d6">6</data>
</edge>
<edge source="22" target="26">
  <data key="d6">6</data>
</edge>
<edge source="22" target="27">
  <data key="d6">6</data>
</edge>
<edge source="22" target="28">
  <data key="d6">6</data>
</edge>
<edge source="22" target="29">
  <data key="d6">6</data>
</edge>
<edge source="22" target="30">
  <data key="d6">6</data>
</edge>
<edge source="22" target="31">
  <data key="d6">6</data>
</edge>
<edge source="22" target="32">
  <data key="d6">6</data>
</edge>
<edge source="22" target="33">
  <data key="d6">6</data>
</edge>
<edge source="22" target="34">
  <data key="d6">6</data>
</edge>
<edge source="22" target="35">
  <data key="d6">6</data>
</edge>
<edge source="23" target="24">
  <data key="d6">6</data>
</edge>
<edge source="23" target="25">
  <data key="d6">6</data>
</edge>
<edge source="23" target="26">
  <data key="d6">6</data>
</edge>
<edge source="23" target="27">
  <data key="d6">6</data>
</edge>
<edge source="23" target="28">
  <data key="d6">6</data>
</edge>
<edge source="23" target="29">
  <data key="d6">6</data>
</edge>
<edge source="23" target="30">
  <data key="d6">6</data>
</edge>
<edge source="23" target="31">
  <data key="d6">6</data>
</edge>
<edge source="23" target="32">
  <data key="d6">6</data>
</edge>
<edge source="23" target="33">
  <data key="d6">6</data>
</edge>
<edge source="23" target="34">
  <data key="d6">6</data>
</edge>
<edge source="23" target="35">
  <data key="d6">6</data>
</edge>
<edge source="24" target="25">
  <data key="d6">2</data>
</edge>
<edge source="24" target="26">
  <data key="d6">4</data>
</edge>
<edge source="24" target="27">
  <data key="d6">4</data>
</edge>
<edge source="24" target="28">
  <data key="d6">6</data>
</edge>
<edge source="24" target="29">
  <data key="d6">6</data>
</edge>
<edge source="24" target="30">
  <data key="d6">6</data>
</edge>
<edge source="24" target="31">
  <data key="d6">6</data>
</edge>
<edge source="24" target="32">
  <data key="d6">6</data>
</edge>
<edge source="24" target="33">
  <data key="d6">6</data>
</edge>
<edge source="24" target="34">
  <data key="d6">6</data>
</edge>
<edge source="24" target="35">
  <data key="d6">6</data>
</edge>
<edge source="25" target="26">
  <data key="d6">4</data>
</edge>
<edge source="25" target="27">
  <data key="d6">4</data>
</edge>
<edge source="25" target="28">
  <data key="d6">6</data>
</edge>
<edge source="25" target="29">
  <data key="d6">6</data>
</edge>
<edge source="25" target="30">
  <data key="d6">6</data>
</edge>
<edge source="25" target="31">
  <data key="d6">6</data>
</edge>
<edge source="25" target="32">
  <data key="d6">6</data>
</edge>
<edge source="25" target="33">
  <data key="d6">6</data>
</edge>
<edge source="25" target="34">
  <data key="d6">6</data>
</edge>
<edge source="25" target="35">
  <data key="d6">6</data>
</edge>
<edge source="26" target="27">
  <data key="d6">2</data>
</edge>
<edge source="26" target="28">
  <data key="d6">6</data>
</edge>
<edge source="26" target="29">
  <data key="d6">6</data>
</edge>
<edge source="26" target="30">
  <data key="d6">6</data>
</edge>
<edge source="26" target="31">
  <data key="d6">6</data>
</edge>
<edge source="26" target="32">
  <data key="d6">6</data>
</edge>
<edge source="26" target="33">
  <data key="d6">6</data>
</edge>
<edge source="26" target="34">
  <data key="d6">6</data>
</edge>
<edge source="26" target="35">
  <data key="d6">6</data>
</edge>
<edge source="27" target="28">
  <data key="d6">6</data>
</edge>
<edge source="27" target="29">
  <data key="d6">6</data>
</edge>
<edge source="27" target="30">
  <data key="d6">6</data>
</edge>
<edge source="27" target="31">
  <data key="d6">6</data>
</edge>
<edge source="27" target="32">
  <data key="d6">6</data>
</edge>
<edge source="27" target="33">
  <data key="d6">6</data>
</edge>
<edge source="27" target="34">
  <data key="d6">6</data>
</edge>
<edge source="27" target="35">
  <data key="d6">6</data>
</edge>
<edge source="28" target="29">
  <data key="d6">2</data>
</edge>
<edge source="28" target="30">
  <data key="d6">4</data>
</edge>
<edge source="28" target="31">
  <data key="d6">4</data>
</edge>
<edge source="28" target="32">
  <data key="d6">6</data>
</edge>
<edge source="28" target="33">
  <data key="d6">6</data>
</edge>
<edge source="28" target="34">
  <data key="d6">6</data>
</edge>
<edge source="28" target="35">
  <data key="d6">6</data>
</edge>
<edge source="29" target="30">
  <data key="d6">4</data>
</edge>
<edge source="29" target="31">
  <data key="d6">4</data>
</edge>
<edge source="29" target="32">
  <data key="d6">6</data>
</edge>
<edge source="29" target="33">
  <data key="d6">6</data>
</edge>
<edge source="29" target="34">
  <data key="d6">6</data>
</edge>
<edge source="29" target="35">
  <data key="d6">6</data>
</edge>
<edge source="30" target="31">
  <data key="d6">2</data>
</edge>
<edge source="30" target="32">
  <data key="d6">6</data>
</edge>
<edge source="30" target="33">
  <data key="d6">6</data>
</edge>
<edge source="30" target="34">
  <data key="d6">6</data>
</edge>
<edge source="30" target="35">
  <data key="d6">6</data>
</edge>
<edge source="31" target="32">
  <data key="d6">6</data>
</edge>
<edge source="31" target="33">
  <data key="d6">6</data>
</edge>
<edge source="31" target="34">
  <data key="d6">6</data>
</edge>
<edge source="31" target="35">
  <data key="d6">6</data>
</edge>
<edge source="32" target="33">
  <data key="d6">2</data>
</edge>
<edge source="32" target="34">
  <data key="d6">4</data>
</edge>
<edge source="32" target="35">
  <data key="d6">4</data>
</edge>
<edge source="33" target="34">
  <data key="d6">4</data>
</edge>
<edge source="33" target="35">
  <data key="d6">4</data>
</edge>
<edge source="34" target="35">
  <data key="d6">2</data>
</edge>
</graph></graphml>